Classifier,Training Accuracy,Accuracy on test,Peptide Accuracy,True Positive Rate,True Negative Rate,MCC,F1,Precision,Test AUC,PPV,NPV
dummy,0.7213251841909801,0.453525641025641,0.2727272727272727,0.0,1.0,0.0,0.0,0.0,0.5,0.0,0.453525641025641
RF,0.7103909698032043,0.4775641025641026,0.30303030303030304,0.04398826979472141,1.0,0.14297266467353986,0.08426966292134833,1.0,0.6441924085261599,0.9999999999933333,0.46469622331691296
