Classifier,Training Accuracy,Accuracy on test,Peptide Accuracy,True Positive Rate,True Negative Rate,MCC,F1,Precision,Test AUC,PPV,NPV
dummy,0.6493888518765268,0.453525641025641,0.2727272727272727,0.0,1.0,0.0,0.0,0.0,0.5,0.0,0.453525641025641
RF,0.6067972462802576,0.4823717948717949,0.3333333333333333,0.11143695014662756,0.9293286219081273,0.06989429617276686,0.19047619047619047,0.6551724137931034,0.6125457239671307,0.6551724137919738,0.46466431095406363
