Classifier,Training Accuracy,Accuracy on test,Peptide Accuracy,True Positive Rate,True Negative Rate,MCC,F1,Precision,Test AUC,PPV,NPV
dummy,0.6337277591390937,0.453525641025641,0.2727272727272727,0.0,1.0,0.0,0.0,0.0,0.5,0.0,0.453525641025641
RF,0.58977205000971,0.5032051282051282,0.3333333333333333,0.1378299120234604,0.9434628975265018,0.134329325887254,0.23267326732673266,0.746031746031746,0.648192284177694,0.7460317460305619,0.47593582887700536
