Classifier,Training Accuracy,Accuracy on test,Peptide Accuracy,True Positive Rate,True Negative Rate,MCC,F1,Precision,Test AUC,PPV,NPV
dummy,0.5517882812949226,0.5464743589743589,0.7272727272727273,1.0,0.0,0.0,0.7067357512953367,0.5464743589743589,0.5,0.5464743589742713,0
RF,0.5306911620953366,0.5705128205128205,0.7272727272727273,0.8269794721407625,0.26148409893992935,0.10753957297449858,0.6778846153846154,0.5743380855397149,0.5578531237370858,0.5743380855395979,0.556390977443609
