Classifier,Training Accuracy,Accuracy on test,Peptide Accuracy,True Positive Rate,True Negative Rate,MCC,F1,Precision,Test AUC,PPV,NPV
dummy,0.7213251841909801,0.453525641025641,0.2727272727272727,0.0,1.0,0.0,0.0,0.0,0.5,0.0,0.453525641025641
RF,0.7133242005997679,0.48878205128205127,0.30303030303030304,0.06744868035190615,0.9964664310954063,0.1654598825594859,0.12602739726027395,0.9583333333333334,0.6344776846315658,0.9583333333293403,0.47
