Classifier,Training Accuracy,Accuracy on test,Peptide Accuracy,True Positive Rate,True Negative Rate,MCC,F1,Precision,Test AUC,PPV,NPV
dummy,0.6337277591390937,0.453525641025641,0.2727272727272727,0.0,1.0,0.0,0.0,0.0,0.5,0.0,0.453525641025641
RF,0.622926251079816,0.5480769230769231,0.3939393939393939,0.20821114369501467,0.9575971731448764,0.24307429745844894,0.33490566037735847,0.8554216867469879,0.6122037656860407,0.8554216867459573,0.5009242144177449
