Classifier,Training Accuracy,Accuracy on test,Peptide Accuracy,True Positive Rate,True Negative Rate,MCC,F1,Precision,Test AUC,PPV,NPV
dummy,0.6493888518765268,0.453525641025641,0.2727272727272727,0.0,1.0,0.0,0.0,0.0,0.5,0.0,0.453525641025641
RF,0.650046191427937,0.592948717948718,0.45454545454545453,0.2903225806451613,0.9575971731448764,0.3227463706552188,0.4380530973451328,0.8918918918918919,0.6564977254593121,0.8918918918910884,0.5282651072124757
