Classifier,Training Accuracy,Accuracy on test,Peptide Accuracy,True Positive Rate,True Negative Rate,MCC,F1,Precision,Test AUC,PPV,NPV
dummy,0.6813774475784357,0.453525641025641,0.2727272727272727,0.0,1.0,0.0,0.0,0.0,0.5,0.0,0.453525641025641
RF,0.6895813927305128,0.48878205128205127,0.30303030303030304,0.08211143695014662,0.9787985865724381,0.13359607844827406,0.14933333333333332,0.8235294117647058,0.6516636788493622,0.8235294117622837,0.4694915254237288
