Classifier,Training Accuracy,Accuracy on test,Peptide Accuracy,True Positive Rate,True Negative Rate,MCC,F1,Precision,Test AUC,PPV,NPV
dummy,0.674953853312996,0.6747952684258417,0.3709677419354839,0.0,1.0,0.0,0.0,0.0,0.5,0.0,0.6747952684258417
RF,0.6688781498483936,0.6529572338489535,0.3763440860215054,0.05316172355903749,0.942017259978425,-0.009788486049343067,0.09060562708631377,0.3064516129032258,0.4778517719669023,0.30645161290312695,0.6736740597878496
