Classifier,Training Accuracy,Accuracy on test,Peptide Accuracy,True Positive Rate,True Negative Rate,MCC,F1,Precision,Test AUC,PPV,NPV
dummy,0.6263457239024149,0.6274362818590704,0.3620689655172414,0.0,1.0,0.0,0.0,0.0,0.5,0.0,0.6274362818590704
RF,0.7117104390339779,0.610944527736132,0.5172413793103449,0.2937625754527163,0.7992831541218638,0.10604066900160658,0.36004932182490745,0.46496815286624205,0.534869912425569,0.464968152866094,0.6558823529411765
