Classifier,Training Accuracy,Accuracy on test,Peptide Accuracy,True Positive Rate,True Negative Rate,MCC,F1,Precision,Test AUC,PPV,NPV
dummy,0.6152779377327344,0.6152330925804333,0.3114754098360656,0.0,1.0,0.0,0.0,0.0,0.5,0.0,0.6152330925804333
RF,0.5383052132519482,0.6283650689428759,0.45901639344262296,0.2883959044368601,0.8409818569903948,0.15487137438199022,0.3738938053097346,0.5314465408805031,0.6460938439067389,0.531446540880336,0.653941908713693
