Classifier,Training Accuracy,Accuracy on test,Peptide Accuracy,True Positive Rate,True Negative Rate,MCC,F1,Precision,Test AUC,PPV,NPV
dummy,0.7194207277651425,0.7195715242133452,0.5553235908141962,0.0,1.0,0.0,0.0,0.0,0.5,0.0,0.7195715242133452
RF,0.7105978418744375,0.7181879044856059,0.5563674321503131,0.02610218048702849,0.9879047264607369,0.05010985037247155,0.04938271604938271,0.4568245125348189,0.5799641581816574,0.4568245125346917,0.7224439807674862
