Classifier,Training Accuracy,Accuracy on test,Peptide Accuracy,True Positive Rate,True Negative Rate,MCC,F1,Precision,Test AUC,PPV,NPV
dummy,0.6199973768771723,0.453525641025641,0.2727272727272727,0.0,1.0,0.0,0.0,0.0,0.5,0.0,0.453525641025641
RF,0.5651898485146567,0.3974358974358974,0.3333333333333333,0.12023460410557185,0.7314487632508834,-0.18917483048564052,0.17903930131004367,0.3504273504273504,0.40638632995865404,0.3504273504270509,0.40828402366863903
