Classifier,Training Accuracy,Accuracy on test,Peptide Accuracy,True Positive Rate,True Negative Rate,MCC,F1,Precision,Test AUC,PPV,NPV
dummy,0.661704009746279,0.453525641025641,0.2727272727272727,0.0,1.0,0.0,0.0,0.0,0.5,0.0,0.453525641025641
RF,0.6536580327347846,0.4599358974358974,0.3333333333333333,0.12903225806451613,0.8586572438162544,-0.017955996432517492,0.20705882352941177,0.5238095238095238,0.49752339305513815,0.5238095238089002,0.45
