Classifier,Training Accuracy,Accuracy on test,Peptide Accuracy,True Positive Rate,True Negative Rate,MCC,F1,Precision,Test AUC,PPV,NPV
dummy,0.585813475177305,0.453525641025641,0.2727272727272727,0.0,1.0,0.0,0.0,0.0,0.5,0.0,0.453525641025641
RF,0.5459170212765957,0.38461538461538464,0.3333333333333333,0.21700879765395895,0.5865724381625441,-0.21217428615727454,0.2781954887218045,0.387434554973822,0.4353957908044309,0.38743455497361917,0.3833718244803695
