Classifier,Training Accuracy,Accuracy on test,Peptide Accuracy,True Positive Rate,True Negative Rate,MCC,F1,Precision,Test AUC,PPV,NPV
dummy,0.5735537190082644,0.453525641025641,0.2727272727272727,0.0,1.0,0.0,0.0,0.0,0.5,0.0,0.453525641025641
RF,0.5603305785123968,0.5192307692307693,0.48484848484848486,0.39002932551319647,0.6749116607773852,0.06733045984117114,0.46996466431095407,0.5911111111111111,0.5506460939038165,0.5911111111108485,0.47869674185463656
