Classifier,Training Accuracy,Accuracy on test,Peptide Accuracy,True Positive Rate,True Negative Rate,MCC,F1,Precision,Test AUC,PPV,NPV
dummy,0.5517882812949226,0.5464743589743589,0.7272727272727273,1.0,0.0,0.0,0.7067357512953367,0.5464743589743589,0.5,0.5464743589742713,0
RF,0.5672071761255821,0.6089743589743589,0.7272727272727273,0.8269794721407625,0.3462897526501767,0.19878498306617245,0.6980198019801981,0.6038543897216274,0.6558034465249786,0.6038543897214981,0.6242038216560509
