Classifier,Training Accuracy,Accuracy on test,Peptide Accuracy,True Positive Rate,True Negative Rate,MCC,F1,Precision,Test AUC,PPV,NPV
dummy,2.0161290322580645e-05,0.453525641025641,0.2727272727272727,0.0,1.0,0.0,0.0,0.0,0.5,0.0,0.453525641025641
RF,0.4247393099220056,0.5528846153846154,0.48484848484848486,0.3460410557184751,0.8021201413427562,0.16448413089952232,0.458252427184466,0.6781609195402298,0.5821684299969949,0.6781609195398401,0.5044444444444445
