Classifier,Training Accuracy,Accuracy on test,Peptide Accuracy,True Positive Rate,True Negative Rate,MCC,F1,Precision,Test AUC,PPV,NPV
dummy,0.00025,0.453525641025641,0.2727272727272727,0.0,1.0,0.0,0.0,0.0,0.5,0.0,0.453525641025641
RF,0.5662730673316709,0.5464743589743589,0.48484848484848486,0.3548387096774194,0.7773851590106007,0.14435938306186807,0.460952380952381,0.657608695652174,0.6012662818772473,0.6576086956518166,0.5
