Classifier,Training Accuracy,Accuracy on test,Peptide Accuracy,True Positive Rate,True Negative Rate,MCC,F1,Precision,Test AUC,PPV,NPV
dummy,0.0006024096385542169,0.453525641025641,0.2727272727272727,0.0,1.0,0.0,0.0,0.0,0.5,0.0,0.453525641025641
RF,0.6563696226346829,0.5737179487179487,0.48484848484848486,0.36656891495601174,0.823321554770318,0.21044149635537984,0.48449612403100784,0.7142857142857143,0.6381511455602416,0.7142857142853062,0.5189309576837416
