Classifier,Training Accuracy,Accuracy on test,Peptide Accuracy,True Positive Rate,True Negative Rate,MCC,F1,Precision,Test AUC,PPV,NPV
dummy,0.0,0.453525641025641,0.2727272727272727,0.0,1.0,0.0,0.0,0.0,0.5,0.0,0.453525641025641
RF,0.4786607799852832,0.5592948717948718,0.5151515151515151,0.36656891495601174,0.7915194346289752,0.17259770752287298,0.4761904761904761,0.6793478260869565,0.6265504699335771,0.6793478260865874,0.509090909090909
