Classifier,Training Accuracy,Accuracy on test,Peptide Accuracy,True Positive Rate,True Negative Rate,MCC,F1,Precision,Test AUC,PPV,NPV
dummy,0.0,0.453525641025641,0.2727272727272727,0.0,1.0,0.0,0.0,0.0,0.5,0.0,0.453525641025641
RF,0.5802395209580838,0.5817307692307693,0.696969696969697,0.7888563049853372,0.3321554770318021,0.13633623000465375,0.6733416770963705,0.5873362445414847,0.5845984062671626,0.5873362445413565,0.5662650602409639
